Text,Media,Label
"Bola.com, Jakarta - Manchester United (MU) mampu menjaga konsistensi di Liga Inggris musim 2022/2023 dengan baik. Mereka berhasil untuk ikut bersaing di papan atas.

Pada papan klasemen sementara, MU bertengger di urutan ketiga dengan nilai 46 dari 23 laga. Tim berjulukan Setan Merah hanya berjarak lima poin di bawah Arsenal.

Meski Arsenal masih punya tabungan pertandingan, namun kans MU untuk membuat kejutan di musim ini terbuka lebar. Apalagi kompetisi masih menyisakan 15 pertandingan ke depan.

Satu di antara fakta menarik dari performa apik MU adalah setelah kepergian Cristiano Ronaldo. Penampilan mereka justru lebih moncer dan gacor selepas pemain Portugal itu cabut di akhir tahun kemarin.",bola,olahraga
"Tottenham Hotspur di luar perkiraan melejit dan memimpin Premier League. Mauricio Pochettino memuji mantan timnya itu sebagai kandidat juara musim ini.

Tottenham memulai musim ini dengan banyak keraguan. Alasan pertama adalah penunjukan Ange Postecoglou, yang tak punya pengalaman di Premier League, sebagai manajer tetap.

Alasan kedua adalah kepergian Harry Kane ke Bayern Munich. Hengkangnya Kane, yang selama ini menggendong tim, diprediksi bikin The Lilywhites kehilangan titik tumpu permainan.

ADVERTISEMENT SCROLL TO CONTINUE WITH CONTENT

Tapi nyatanya Spurs malah melesat dan belum terkalahkan hingga 10 pekan. Son Heung-min dkk kini memuncaki klasemen dengan 26 poin hasil delapan kemenangan dan dua kali imbang, dua poin di depan Arsenal dan Manchester City.

Akhir pekan ini, Spurs akan disambangi mantan manajernya, Pochettino, yang kini memimpin Chelsea. Beda nasib dengan Spurs, Chelsea masih berupaya menemukan permainan terbaiknya sejak diambil alih Todd Boehly dan merombak skuad besar-besaran.

Dengan kondisi yang berbeda menuju laga di Tottenham Hotspur Stadium, Selasa (7/11/2023) dini hari WIB, Pochettino tak malu-malu mengakui Spurs sebagai kandidat juara, meski ini laga derby buat Chelsea.

""Ya, saya rasa demikian. Mereka bekerja dengan fantastis. Ange dan staf pelatih, yang saya sangat tahu, bekerja dengan bagus,"" ungkapnya dikutip BBC.

""Tentu saja mereka bisa menjadi kandidat juara. Mereka menunjukkan kualitas untuk jadi kandidat juara,"" imbuh manajer asal Argentina itu.

Postecoglou: Terlalu Dini Bicara soal Titel Juara Premier League",detik,olahraga
"SAARBRUCKEN - Dejan Ferdinansyah/Gloria Emanuelle Widjaja tumbang di babak perempatfinal Hylo Open 2023 Super 300. Ganda campuran Indonesia itu takluk dari Tang Chun Man/Tse Ying Suet lewat pertarungan tiga gim 15-21, 22-20, dan 13-21.

Bermain di Saarlandhalle, Saarbrucken, Jerman, Jumat (3/11/2023) malam WIB, Dejan/Gloria Dejan/Gloria langsung mendapat tekanan sejak awal dari Tang/Tse. Pasangan nomor 17 dunia itu harus tertinggal 3-8 dari utusan Hong Kong tersebut.

Pasangan Tanah Air itu mencoba untuk keluar dari tekanan yang diberikan lawannya itu. Namun sayang, Dejan/Gloria harus tertinggal dari Tang/Tse di interval pertama dengan skor 5-11.

Selepas interval, Dejan/Gloria masih kesulitan untuk keluar dari tekanan yang diberikan Tang/Tse. Bahkan pasangan Indonesia itu harus tertinggal cukup jauh dengan skor 10-16. Alhasil, mereka pun harus takluk di gim pertama dengan skor 15-21.

Di gim kedua, Dejan/Gloria memulainya dengan cukup baik. Namun, Tang/Tse juga memberikan perlawanan yang sengit sehingga berhasil menyamakan kedudukan menjadi 10-10.

Pada akhirnya, Tang/Tse mampu kembali ungguli pasangan Indonesia di interval dengan skor 11-10. Selepas interval, Dejan/Gloria memberikan perlawanan yang cukup sengit dengan memperkecil kedudukan menjadi 14-15.

Follow Berita Okezone di Google News

Akan tetapi, pasangan Hong Kong itu mampu memperlebar keunggulannya menjadui 17-14. Dejan/Gloria mampu menyamakan kedudukan menjadi 19-19. Secara mengejutkan, Dejan/Gloria berhasil menutup gim kedua dengan kemenangan 22-20 atas Tang/Tse. Pada gim ketiga, Dejan/Gloria kembali mendapat perlawanan yang sengit dari pasangan Hong Kong. Mereka bahkan harus tertinggal di interval dengan skor 7-11. Selepas interval, Dejan/Gloria memperkecil kedudukan menjadi 11-13. Hanya saja, Tang/Tse mampu memperlebar keunggulannya menjadi 16-12. Pada akhirnya, Dejan/Gloria harus mengakui ketangguhan wakil Hong Kong karena kalah dengan skor 13-21. BACA JUGA: Saat Praveen Jordan/Melati Daeva Bikin Pebulu Tangkis Denmark Matias Christiansen/Alexandra Boje Tubrukkan hingga Ngepel Lantai di Hylo Open 2023 Dengan hasil itu, Dejan/Gloria terhenti di babak perempatfinal Hylo Open 2023. Mereka gagal menyusul langkah Rehan Naufal Kusharjanto/Lisa Ayu Kusumawati yang melenggang ke empat besar.",okezone,olahraga
"Bola.com, Jakarta - Pembalap GASGAS Factory Racing Tech 3, Pol Espargaro, tak segan-segan mengkritik cara KTM memperlakukan para pembalapnya di MotoGP. Pasalnya, mereka lagi-lagi mengambil keputusan kontroversial yang membuat masa depan ridernya penuh tanda tanya.

Sejak 2020, KTM memang panen kritik dari para ridernya. Dimulai dengan keputusan mereka meletakkan Brad Binder di tim pabrikan alih-alih memilih Miguel Oliveira yang lebih dulu berlaga di MotoGP dengan mereka. Pada akhir 2021, mereka juga memicu konflik dengan dua rider Tech 3.

Mereka mengumumkan pendepakan Iker Lecuona dan Danilo Petrucci saat keduanya masih menjalani sesi kualifikasi di Seri Austria, karena buru-buru mengumumkan Raul Fernandez sebagai tandem Remy Gardner pada 2022. Langkah tersebut dianggap Lecuona dan Petrucci tidak etis.

--

Yuk gabung channel whatsapp Bola.com untuk mendapatkan berita-berita terbaru tentang Timnas Indonesia, BRI Liga 1, Liga Champions, Liga Inggris, Liga Italia, Liga Spanyol, bola voli, MotoGP, hingga bulutangkis. Klik di sini (JOIN)",bola,olahraga
"KOMPAS.com - Indonesia akan menjadi tuan rumah Kejuaraan dunia jetski pada April atau Mei 2024.

Hal itu diungkapkan Ketua Umum IJBA, Saiful Sutan Aswar atau yang akrab disapa Fully saat memaparkan ‘road map prestasi dunia dan penyelenggaraan kejuaraan dunia 2024 Indonesia di Kantor NOC Indonesia, Jakarta, Rabu (1/10/2023)

“Ya kami akan mengadakan seri dunia yang dilakukan oleh beberapa negara tapi Indonesia bagian dari itu. Mungkin cuma tiga negara totalnya empat termasuk world final,” kata Fully.

Selain kelas senior, Indonesia juga akan memasukan pertandingan untuk kelas junior.

Fully mengaku kelas ini sangat penting guna mengasah kemampuan para pebalap dalam bertanding sejak dini.

“Nah, yang junior ini baru pertama kali, waktu saya sampaikan yang respons awal itu Amerika, dia langsung datang ke saya, dia mau siapin semua. Amerika mau siapkan atletnya dari usia 10 tahun sampai sekian, supaya ada rangsangan di dunia bahwa atlet yang muda ini sudah harus disiapkan di semua negara,"" papar Fully.

Baca juga: Hasil Man United Vs Newcastle 0-3, Setan Merah Runtuh di Teater Impian

Untuk lokasi penyelenggaraan seri kejuaraan dunia jetski ini, Fully memperkirakan akan digelar di kawasan Ancol.

Fasilitas di kawasan Ancol lebih memadai karena sudah pernah dipakai di Asian Games 2018 sehingga persiapan akan lebih mudah.

""Lokasi bisa di Jakarta. Saya tentunya inginnya di Jakarta. Paling ideal fasilitasnya sudah ada semua. Kalau sudah ada fasilitas jadi lebih murah. Di seluruh dunia sudah tahu tempat kita di Jakarta. Itu menjadi icon dunia karena tidak ada yang punya seperti itu,"" tegas Fully.

Seperti diketahui, prestasi atlet Indonesia Jet Ski di level dunia masih didominasi oleh Aero dan Aksa Aswar.",kompas,olahraga
"PHILADELPHIA - Rumor kepindahan James Harden dari Philadelphia 76ers terjawab sudah. Dia resmi ditukar ke LA Clippers dan akan bergabung bersama Kawhi Leonard, Paul George, dan Russell Westbrook.

Harden sudah meminta untuk hengkang dari 76ers sejak beberapa waktu lalu. Setelah proses tarik-ulur yang panjang, pebasket yang identik dengan janggut panjangnya itu akhirnya akan berlabuh ke Clippers dan bergabung dengan tiga bintang lainnya di sana.

""Philadelphia 76ers telah setuju skema penukaran dan mengirimkan James Harden ke LA Clippers,"" tulis Adrian Wojnarowski di akun Twitter pribadinya @wojespn, Selasa (31/10/2023).

Adapun Harden akan ditukar dengan beberapa pemain dari Clippers dan juga draft picks. Philadelphia 76ers juga mengirimkan pemain lain selain Hardeen.

""Philadelphia 76ers mendapatkan Marcus Morris, Nic Batum, Robert Covington, KJ Martin, sejumlah draft picks, dan menukar draft picks untuk James Harden, PJ Tucker, dan Filip Petrusev,"" tulis Woj.

""Clippers mengirimkan draft pick ronde pertama 2028, dua draft pick rondee kedua, dan penukaran draft pick ke 76ers,"" tambahnya.

Follow Berita Okezone di Google News

""Clippers juga akan menambahkan tambahan draft pick ronde pertama dari tim ketiga kepada 76ers,"" tutup Woj. BACA JUGA: Bintang Philadelphia 76ers James Harden Disebut Bakal Lakukan Segala Cara Demi Gabung Los Angeles Clippers di NBA 2023-2024 Guard 76ers, Danny Green, menjadi korban dari pertukaran James Harden ke Clippers. Philadelphia 76ers akan memutus kontrak Green untuk bisa menyelesaikan pertukaran pemain tersebut.",okezone,olahraga
"Marcus Rashford masih mejan di Manchester United. Erik ten Hag yakin penyerang andalannya itu akan segera on fire.

Pada musim ini, Rashford sudah bermain sebanyak 14 kali di semua ajang. Dia memberi kontribusi satu gol dan tiga assist.

Kontribusi Rashford itu menurun jika dibandingkan dengan musim lalu. Pemain 26 tahun itu menyumbangkan 30 gol dan 11 assist untuk MU di semua ajang.

ADVERTISEMENT SCROLL TO CONTINUE WITH CONTENT

Satu-satunya gol Rashford pada musim ini dikemas saat Man United kalah 1-3 dari Arsenal. Melihat Rashford saat latihan, Ten Hag pun yakin bahwa pemain nomor punggung 10 itu akan bisa segera menyumbangkan banyak gol,

""Sangat. Dan, juga, saya yakin bahwa dia akan kembali ke jalur yang benar,"" kata Ten Hag di situs MU.

""Saya melihat dia tampil bagus saat latihan, jadi saya pikir dia akan segera kembali ke trek yang benar. Dia akan membuat banyak gol untuk kami dan dia akan sangat penting untuk kami.""

""Sekali kami menemukan ritme kami, sekali tim menemukan ritmenya, juga akan mudah untuknya,"" kata dia menambahkan.

MU akan melawan Fulham dalam lanjutan Liga Inggris malam nanti. Bisa mengakhiri puasa gol di Craven Cottage, Sabtu (4/11), Rashford?

Rashford Kecewa Harus Menepi Gegara Cedera",detik,olahraga
"MEMASUKI Oktober, beragam wahana permainan dengan tema hantu mulai bermunculan di Tangerang. Salah satunya wahana rumah hantu yang berkonsep Psyco-Thriller yang berada di salah satu mall di wilayah Gading Serpong.

Rumah hantu ini diklaim sebagai rumah hantu dengan konsep Psyco-thriller pertama di Indonesia. Rumah hantu ini bukan hanya menakuti pengunjung, tapi mencoba memainkan pikiran alam bawah sadar setiap orang yang masuk.

Berbeda dengan konsep rumah hantu biasa yang menampilkan hantu dengan make-up seram, wahana Rumah Hantu Suwirjo justru mengandalkan imajinasi dan psikologis pengunjung. Inspirasi yang berasal dari kisah nyata menambah kewaspadaan yang akan dirasakan pengunjung begitu masuk ke rumah hantu tersebut.

BACA JUGA:

""Kami terinspirasi dari kisah nyata di daerah Jawa Timur yang terjadi pada tahun 1987. Kami tertarik dengan kisah ini karena kejadian tersebut sempat menggemparkan bumi nusantara”, jelas CEO Festiva Entertaiment Indonesia, Matthew Anton.

Berbeda dengan konsep rumah hantu biasanya, pengunjung justru diajak menjadi bagian dari kisah Suwirdjo, tokoh utama di rumah hantu ini. Bahkan, pengunjung juga diberi peringatan mengenai sosok Suwirdjo yang berbahaya. Menariknya, sosok Suwirdjo ini bukanlah hantu tetapi dukun yang diduga pelaku pembunuhan berantai.

""Tokoh utamanya justru bukan hantu, tapi itu yang membuat menarik. Kita bermain sisi psikologis pengunjung dengan memberikan ultimatum berupa sifat-sifat Suwirdjo, dan perilakunya,"" lanjut Matthew.

Meskipun tidak menampilkan sosok dengan wajah menyeramkan, namun suasana di dalam wahana mampu membius pengunjung agar segera keluar dari dalam wahana. Terlebih lagi, sosok bernama Suwirjo seolah-olah mengikuti kemanapun pengunjung pergi. Ditambah lagi, setiap ruangan yang ada menyajikan 'sesuatu' yang membuat pengunjung tak nyaman berada di sana.

""Kita mencoba memasuki pikiran pengunjung kalau mereka itu dalam benar-benar bahaya, dan memang konsepnya pengunjung itu sendiri bagian dari cerita di rumah itu, dan seolah-olah mereka adalah target pembunuhan berikutnya,"" lanjutnya.

BACA JUGA:

Salah satu pengunjung, Sherly mengungkapkan bahwa kengerian di rumah hantu tersebut berasal dari kemunculan para korban Suwirdjo. Aroma khas rumah lama yang tidak terawat bercampur dengan wangi bunga sesajen menambah rasa tidak nyaman saat berada di sana.

""Kita tuh di dalam gak nyaman, pengen cepat keluar. Padahal hantunya juga gak terlalu menunjukkan muka, tapi aroma gak enak, terus mimik muka talentnya, jadi bikin kita seolah-olah dikejar sama Suwirdjo,"" ungkapmya.

Wahana ini memang dipersiapkan untuk menjadi rekreasi hiburan para penguji nyali dan pencinta adrenaline yang telah dibuka mulai 30 September 2023 - 28 November 2023 berlokasi di Mall Cartensz, dengan tiket masuk mulai dari Rp50 ribu.

Follow Berita Okezone di Google News

(sal)",okezone,hiburan
"LEWAT single hits Get A Guitar dan pre-single, Memories, RIIZE, boy group terbaru dari SM Entertaiment sudah meraih kesuksesan dan sederet prestasi sejak resmi debut pada 4 September 2023.

Bersama satu lagu lainnya, Siren, RIIZE mencetak banyak prestasi, Mulai dari masuk chart Top 10 Hot Trending Songs Billboard, Billboard Hot Trending Songs charts, peringkat 7 di Worldwide iTunes yang mana tertinggi untuk grup pendatang baru di tahun ini, hingga menduduki peringkat Tops Oricon's Daily Album Chart, dan sukses menjadi Million Seller dengan menjual lebih dari satu juta kopi album di minggu pertama perilisan.

Meski bisa dibilang sudah sukses sejak debut, para personel RIIZE, Shotaro, Anton, Seunghan, Eunseok, Sungchan, Wonbin dan Sohee menuturkan tentunya mereka punya target besar ke depannya.

BACA JUGA:

(Foto: MPI/ Aldhi Chandra)

BACA JUGA: RIIZE Bocorkan Persiapan Tampil di ITA 2023 Malam Ini

“Manggung di konser SMTown di Stadion GBK kemarin, membuat saya terpikir bagaimana ke depannya tempat semegah sebesar stadion ini bisa penuh untuk konser RIIZE sendiri,” kata Shotaro saat diwawancara dalam gelaran RIIZE Media Day MNC, di Park Hyatt, Jakarta Pusat baru-baru ini.

“Saya juga kepikiran yang sama, kalau world tour kan bisa ketemu BRIIZE di seluruh dunia dan ke depannya bisa konser di Indonesia juga,” tambah Anton.

Follow Berita Okezone di Google News

Sementara sang vokalis utama, Sohee menyebut dirinya bermimpi bisa menampilkan lagu-lagu yang ditulis sendiri oleh para personel RIIZE. (Sohee RIIZE, Foto: MPI/ Aldhi Chandra) “Impian saya, saya mikir bagaimana semua personel RIIZE bisa menulis lagu sendiri,” ujar Sohee. Senada dengan Sohee, Seunghan mengaku ke depannya ia ingin ketujuh personel RIIZE bisa memproduksi musik sendiri. (Seunghan RIIZE, Foto: MPI/Aldhi Chandra) “Para personel semuanya suka sekali musik, jadi saya ingin juga semua member bisa menulis atau memproduksi musik sendiri,” jelas Seunghan. Sebagai pamungkas, salah satu personel tertua, Sungchan mengungkap dirinya hanya ingin RIIZE dan para penggemar-BRIIZE bisa terus berhubungan baik dan selalu sehat. (Sungchan RIIZE, Foto: MPI/ Aldi Chandra) “Saya ingin ke depannya, RIIZE dan semua BRIIZE bisa berhubungan baik, bahagia, dan sehat selalu,” pungkas Sungchan sambil tersenyum.",okezone,hiburan
"JAKARTA - MVP Pictures menghadirkan film bertajuk Sengkolo - Pemandi Mayat. Proses produksi film horor ini akan dimulai pada bulan November 2023.

""MVP Pictures selalu berkomitmen untuk menyajikan cerita yang tidak hanya menghibur, tetapi juga dapat membangkitkan perasaan dan pengalaman yang dapat terhubung dengan baik dengan masyarakat. Saya berharap film ini bisa diterima dengan baik oleh para pecinta film Indonesia,"" ujar Raam Punjabi, Produser dari film ini.

Film Sengkolo - Pemandi Mayat akan disutradarai oleh Hanny Saputra, dengan naskahnya ditulis oleh Rebecca M. Bath. Tim produksi film ini akan dipimpin oleh Ody Mulya Hidayat dan Soemijato Muin.

BACA JUGA: Film Indonesia yang Tampil di Festival Internasional Jadi Pertimbangan Masuk Nominasi FFI 2023

Dalam kearifan lokal Jawa, Sengkolo adalah sebuah entitas negatif yang seringkali menghantui manusia, membawa kesialan, dan membawa malapetaka. Pada malam satu Suro, Sengkolo dikisahkan bergerak mengincar beberapa weton yang menjadi mangsanya.

""Kisah-kisah dari budaya Jawa begitu kaya dan menarik, salah satunya adalah kisah tentang Sengkolo. Kami sangat antusias untuk menghadirkan cerita ini kepada penggemar film horor Indonesia,"" ungkap Ody Mulya Hidayat.

""Sengkolo - Pemandi Mayat terinspirasi dari beragam peristiwa nyata, yang menjadikannya sebagai potensi besar untuk menjadi film horor yang menarik untuk disaksikan di bioskop,"" tambah Soemijato Muin.

BACA JUGA: 5 Film Indonesia Siap Tayang di November 2023

Follow Berita Okezone di Google News

Sengkolo - Pemandi Mayat akan mengisahkan kisah seorang pria yang merasa terpuruk dan kehilangan keyakinan setelah mengalami tragedi kehilangan istri dan anak-anaknya pada malam satu Suro. Sutradara Hanny Saputra mengungkapkan bahwa Sengkolo - Pemandi Mayat tidak sekadar menawarkan ketegangan horor. ""Ada sisi romantis dan sisi kemanusiaan yang menyentuh dalam sebuah film horor yang tidak hanya menegangkan yang patut disaksikan,"" ucap Hani. Film ini akan diperankan oleh sejumlah aktor berbakat, termasuk Donny Alamsyah, Fauzan Nasrul, Nesia Weroza Puspa, dan Kenya Nindia.",okezone,hiburan
"Kompas.tv - 28 Oktober 2023, 18:31 WIB

Penyanyi Taylor Swift masuk ke dalam jajaran miliarder berdasarkan Bloomberg Billionaires Index, dengan total kekayaan bersihnya mencapai 1,1 miliar dolar AS atau sekitar Rp17,5 triliun. (Sumber: AP Photo/George Walker IV)

JAKARTA, KOMPAS.TV - Nama penyanyi Taylor Swift masuk ke dalam jajaran miliarder berdasarkan Bloomberg Billionaires Index, dengan total kekayaan bersihnya mencapai 1,1 miliar dolar AS atau sekitar Rp17,5 triliun.

“Swift pada dasarnya adalah konglomerat multinasional dengan basis pelanggan paling setia di dunia, CEO paling karismatik, dan kekuatan ekonomi yang signifikan,” demikian pernyataan dari Bloomberg.

Bloomberg menyatakan bahwa Taylor Swift menjadi salah satu dari segelintir musisi yang mendapatkan status sebagai miliarder hanya dari musik dan penampilannya.

Baca Juga: Link Pembelian dan Harga Tiket Film Konser Taylor Swift The Eras Tour, Dijual Mulai 27 Oktober 2023

Kekayaan Taylor Swift ini tidak lepas dari The Eras Tour yang menandai dua dekade kariernya di bidang musik dan perayaan 10 album musik.

Disebutkan bahwa 53 tur di AS tahun ini menjadi tur dengan pendapatan kotor tertinggi sepanjang masa karena telah menghasilkan sekitar lebih dari 700 juta dolar AS atau Rp11,3 triliun dari penjualan tiket.

Bloomberg memprediksi kekayaan Taylor Swift berdasarkan analisis nilai katalog musik, lima rumah, keuntungan dari penjualan musik, streaming, tiket konser, hingga merchandise.

Estimasi itu memperhitungkan pajak penghasilan, biaya tur dan perjalanan, serta pembayaran kepada karyawannya.

Melansir Forbes, kekayaan Taylor Swift sebagian besar diperoleh dari royalti musik dan tur yang jumlahnya lebih dari 500 juta dolar AS. Sebanyak 500 juta dolar lainnya didasarkan pada meningkatnya nilai katalog musik.

Taylor Swift juga memiliki kekayaan sebanyak 125 juta dolar AS atau Rp1,9 triliun berupa real estat, termasuk enam rumah dan sebuah pesawat pribadi senilai 10 juta dolar AS atau Rp159 miliar.

Baca Juga: Film Taylor Swift: The Eras Tour Tayang Mulai 3 November di Indonesia, Ini Bocorannya

Dalam peringkat Forbes, pelantun tembang Anti-Hero itu menjadi selebritas ke-15 yang mendapat julukan sebagai miliarder.

Uniknya, Swift berbeda dari rekannya. Ia tidak memiliki bisnis lain, selain hanya bermusik. Ia tidak seperti Jay-Z yang selain musisi, juga memiliki dua merek minuman keras dan berinvestasi di perusahaan Uber.

Demikian pula Rihanna yang menjadi miliarder berkat bisnis kecantikannya, Fenty Beauty dan pakaian Savage X Fenty.",kompas,hiburan
"Kompas.tv - 31 Oktober 2023, 18:50 WIB

Poster film The Marvels, salah satu film yang tayang pada bulan November 2023 di bioskop. (Sumber: Instagram/marvelindonesia)

JAKARTA, KOMPAS.TV - Sejumlah film bergenre horor, percintaan, superhero hingga komedi akan tayang pada bulan November 2023 di bioskop.

Bagi yang menyukai film bergenre komedi romantis, jangan ketinggalan beberapa film baru yang dirilis pada November ini.

Para pencinta horor juga akan disuguhkan beberapa film horor, baik produksi tanah air maupun luar negeri, yang menarik pada bulan ini.

Daftar Film yang Tayang November 2023

1. Budi Pekerti

Minggu pertama bulan November 2023, akan disambut film Budi Pekerti karya Wregas Bhanuteja

Film yang dibintangi oleh Sha Ine Febriyanti, Dwi Sasono, Prilly Latuconsina, Angga Yunanda, Omara Esteghlal, dan Ari Lesmana ini akan tayang perdana pada 2 November 2023.

Baca Juga: Harga Tiket Golden Disc Awards Jakarta 2024 Berapa? Ini Kisaran dan Jadwalnya

Budi Pekerti bercerita tentang Bu Prasni (Sha Ine Febriyanti), seorang guru BK yang terlibat perselisihan dengan salah satu pengunjung pasar.

Sayangnya, kejadian tersebut berhasil direkam oleh seseorang dan diunggah ke media sosial. Video tersebut pun mendapat komentar negatif karena Bu Prani dinilai tidak mencerminkan sikap seorang guru.

Setelah video tersebut tersebar luas, keluarga Bu Prasni pun ikut dikecam masyarakat. Segala tindakan dan perilaku masing-masing anggota keluarga pun mulai dinilai dan dicari-cari kesalahannya.

Hal tersebut pun membuat hidup keluarga Bu Prasni menjadi tidak tenang karena apa pun yang mereka lakukan selalu salah di mata masyarakat.

Hal itu mengakibatkan keharmonisan keluarga Bu Prasni terganggu dan bahkan ada anggota keluarga yang terancam kehilangan pekerjaan.

2. Nona Manis Sayange

Nona Manis Sayange juga akan tayang perdana di bioskop pada 2 November 2023.

Film bergenre drama komedi ini mengangkat kisah cinta antara Sika, seorang gadis Labuan Bajo, dan Akram, pemuda dari luar Labuan Bajo.

Selain menghadirkan cerita cinta yang memikat, film ini juga menyoroti isu mahar atau belis yang masih relevan dan berlangsung di Labuan Bajo hingga saat ini.

Film Nona Manis Sayange dipenuhi nuansa cinta dalam balutan komedi yang ceria.

Nona Manis Sayange dibintangi Haico Van Der Veken, Denzel Jordan Pangeran, Bhisma Mulia, Mathias Muchus dan Totos Rasiti.

Baca Juga: Golden Disc Awards akan Digelar di JIS 6 Januari 2024, Line Up Diumumkan Kapan?

3. Kultus Iblis

Bagi penggemar horor, film Kultus Iblis mungkin akan menarik perhatian Anda.

Para pemeran dalam film ini antara lain Yasamin Jasem, Fadi Alaydrus, Debo Andryos, Rukman Rosadi, Agung Aryani, Yayu Unru, Mian Tiara, Delia Husein, Emil Kusumo, M Kadavi, dan Viki Maintrova.

Kultus Iblis menceritakan sepasang anak kembar yang datang ke sebuah desa terpencil untuk mencari tahu penyebab kematian ayah mereka yang terbilang janggal. Namun, mereka terjebak di desa yang penuh teror.

Naya (Yasamin Jasem) dan Raka (Fadi Alaydrus) semakin terguncang ketika jenazah mengerikan ayah mereka yang telah meninggal, tiba-tiba menghilang secara misterius.

Bagaimana kisah mereka selanjutnya? Temukan jawabannya saat Kultus Iblis tayang pada 2 November 2023 di bioskop.

4. The Marvels

Film terbaru Marvel Cinematic Universe (MCU) berjudul The Marvels akan tayang pada 8 November 2023 di bioskop Indonesia.

Film ini dibintangi antara lain oleh Samuel L. Jackson, Brie Larson, Iman Vellani, Teyonah Parris dan Park Seo Jun.

The Marvels menceritakan tiga superhero wanita dengan karakter, latar belakang, dan dari tiga generasi yang berbeda.

Pertama ada Carol Danvers atau Captain Marvel (Brie Larson) yang selama ini berada di luar angkasa.

Selanjutnya, Monica Rambeau (Teyonah Parris) yang pertama muncul di MCU dari serial WandaVision.

Superhero ketiga di The Marvels adalah remaja muslim bernama Kamala Khan atau Ms Marvel (Iman Vellani).

Tiga Superhero wanita dari tiga generasi yang berbeda itu siap bekerja sama melawan penjahat dalam The Marvels.",kompas,hiburan
"Kompas.tv - 17 September 2023, 11:41 WIB

Beragam koleksi bersejarah di Museum Nasional Indonesia. Banyak barang-barang bersejarah di dalam tempat yang biasa disebut Museum Gajah itu. (Sumber: Dok. Museum Nasional)

JAKARTA, KOMPAS.TV - Museum Nasional Indonesia menyimpang berbagai koleksi artefak dan benda-benda bersejarah dari masa kuno. Belum dapat dipastikan apakah benda bersejarah ini aman dari kebakaran yang terjadi pada Sabtu (16/9/2023) malam.

Kapolres Metro Jakarta Pusat Kombes Komarudin mengatakan, kebakaran Museum Nasional ini telah menghanguskan empat ruangan penyimpanan benda bersejarah.

“Kurang lebih ada empat ruangan yang menyimpan barang bersejarah (terbakar),” ujar Komarudin di lokasi, dikutip dari program Breaking News KompasTV, Sabtu.

Baca Juga: Buntut Kebakaran, Museum Nasional Indonesia Ditutup Sementara, Fokus Amankan Koleksi Bersejarah

Sayangnya, belum diketahui artefak apa saja yang terbakar akibat peristiwa itu. Pihak kepolisian masih menunggu hasil investigasi yang dilakukan bersama pengelola museum.

Sembari menunggu hasil investigasi, intip lima benda bersejarah yang tersimpan di Museum Nasional Indonesia.

Benda Bersejarah di Museum Nasional Indonesia

1. Prasasti Mulawarman

Prasasti Mulawarman yang ada di Museum Nasional Indonesia. (Sumber: Dok. Museum Nasional)

Prasasti ini dibuat pada masa Kerajaan Kutai yakni abad 4-5 Masehi. Berbahasa Sansekerta, terdapat 12 baris tulisan yang dipahat di sisi depan prasasti berukuran 124 cm, lebar 31,5 cm, dan tebal 29,5 cm.

Huruf yang terpatri pada batu prasasti ini berukuran panjang 9,5- 2 cm dan lebar 4-0,4 cm.

Prasasti ini berisi silsilah Raja Mulawarman yang menyebutkan bahwa Sri Maharaja Kundungga berputra Aswawarman memiliki tiga orang anak, salah satunya Mulawarman.

2. Kitab Sutasoma

Replika Kitab Sutasoma yang ada di Museum Nasional Indonesia. (Sumber: Dok. Museum Nasional)

Kitab Sutasoma atau Kakawin Sutasoma merupakan salah satu peninggalan kuno dari abad ke-14 atau pada masa kejayaan Kerajaan Majapahit.

Kitab yang ditulis oleh Mpu Tantular ini berisi toleransi beragama yang terjalin di Majapahit. Semangat toleransi ini yang kemudian menjadi semboyan Indonesia, Bhinneka Tunggal Ika.",kompas,hiburan
Rekaman ulang album '1989' Taylor Swift menjadi rekaman dengan penjualan tercepat di Inggris 2023. 1989 (Taylor's Version) terjual 184.000 eksemplar minggu lalu.,detik,hiburan
"DPD PDIP Jatim menggelar acara 'Doa Keselamatan Untuk Bangsa' di Stadion Gelora Joko Samudro (Gejos), Jalan Veteran, Gresik. Lantunan selawat dari Gus Azmi dan Doa dari KH Anwar Zahid bergema di dalam Stadion.

""Alhamdulillah, kita telah mendengar lantunan selawat dari Gus Azmi, ceramah dan doa dari Kyai Anwar Zahid, tadi begitu menyejukkan bagi Indonesia untuk menyambut Pemilu,"" kata Calon Wakil Presiden 2024 Mahfud MD, usai menggelar Doa Bersama, di Gelora Joko Samudro, Jumat (3/11/2023).

Mahfud menambahkan dengan adanya kegiatan ini dia berharap masyarakat tidak salah dalam memilih pemimpin. Selain itu bisa menjadikan pemilu menjadi damai, adem, dan ayem.

ADVERTISEMENT SCROLL TO CONTINUE WITH CONTENT

""Semoga bisa membuat pemilu tahun depan adem ayem dan damai,"" tambah Mahfud.

Selain itu, lanjut Mahfud, ia berharap dengan adanya doa dan selawat tersebut, bisa membuat masyarakat bisa membuka pintu hatinya dalam memilih pemimpin.

""Semoga rakyat dibukakan pintu hatinya dalam memilih pemimpin terbaik. Yang paling penting yang bisa membawa Indonesia lebih baik. Untuk itu masyarakat harus berpartisipasi,"" tuturnya.

Mahfud menyebut bahwa basis dukungannya di Jawa Timur sangat kuat. Terutama dalam memenangkan PDI Perjuangan.

""Kalau Jawa Timur sudah yang terkuat. Ini soal basis kan? Sangat kuat, insyaallah"" ujar Mahfud.

Mahfud datang bersama Ketua DPP PDI Perjuangan Puan Maharani dalam acara doa bersama di Stadion Gelora Joko Samudro, Gresik. Sementara Ganjar Pranowo tidak turut serta karena harus menyapa pendukungnya di Jakarta.

Baliho Wajahnya Dicopot di Bali, Mahfud Md Tak Ambil Pusing",detik,politik
"JAKARTA, KOMPAS.com - Sekretaris Umum Pimpinan Pusat (PP) Muhammadiyah Abdul Mu'ti menyinggung isu politik dinasti yang santer terdengar setelah putra sulung Presiden Joko Widodo (Jokowi), Gibran Rakabuming Raka mendaftar calon wakil presiden dengan sebuah kelakar.

Sambil tertawa, Abdul Mu'ti menyebut ada tiga cara orang mendapatkan sebuah kekuasaan.

""Hehehe, saya sempat bercanda, ada orang yang dapat jabatan dengan menumpahkan darah, ada yang dapat jabatan dengan berdarah-darah, ada yang dapat jabatan dengan hanya modal hubungan darah,"" katanya saat ditemui di Kantor PP Muhammadiyah, Jakarta Pusat, Kamis (2/11/2023).

Baca juga: 3 Bakal Capres-Cawapres Kirimkan Pesan untuk Bertemu PP Muhammadiyah

Sikap PP Muhammadiyah sendiri mendorong sistem meritokrasi, bukan sistem dinasti dalam penentuan orang yang duduk di sebuah jabatan.

""Meritokrasi sebenarnya meniscayakan siapa pun yang tidak ada hubungan darah, kalau dia berprestasi, dia berintegritas, seharusnya dia memiliki peran dalam kehidupan kebangsaan dan peran dalam memajukan bangsa dan negara,"" ucapnya.

""Jadi Muhammadiyah prinsipnya mendorong meritokrasi memperkuat demokrasi dengan nilai-nilai yang ada di dalamnya sehingga kita bisa menjadi manusia yang lebih baik,"" tandasnya.

Baca juga: Amien Rais: Politik Dinasti Keluarga Jokowi Puncak Pengkhianatan Reformasi

Politik dinasti keluarga Jokowi ramai diperbincangkan setelah Gibran Rakabuming melaju sebagai calon wakil presiden berpasangan dengan Prabowo Subianto dalam kontestasi Pemilihan Presiden (Pilpres) 2024.

Jalan mulus Wali Kota Solo berusia 36 tahun ini mendaftarkan diri sebagai cawapres tak terlepas dari putusan Mahkamah Konstitusi (MK) yang mengizinkan cawapres berusia di bawah 40 tahun dengan syarat pernah jadi kepala daerah dan terpilih lewat Pemilu.

Sejumlah pihak menuding ada nuansa nepotisme dalam putusan ini karena Ketua Mahkamah Konstitusi Anwar Usman yang merupakan adik ipar Jokowi dan paman Gibran turut mengambil keputusan.",kompas,politik
"JAKARTA, KOMPAS.com - Komisi Pemilihan Umum (KPU) Republik Indonesia akan menetapkan daftar calon anggota legislatif tetap (DCT) Pemilihan Umum (Pemilu) 2024 pada Jumat (3/11/2023) hari ini.

Menurut rencana, KPU akan menggelar konferensi pers terkait penetapan DCT tersebut di Kantor KPU pada Jumat siang nanti.

Seperti diketahui, KPU sebelumnya telah mengumumkan bahwa ada 9.919 bakal calon anggota legislatif (bacaleg) DPR RI dan 674 bacaleg DPD RI dalam Daftar Calon Sementara (DCS) yang dirilis pada Agustus 2023 lalu.

Seusai pengumuman itu, KPU membuka kesempatan bagi publik untuk memberi tanggapan dan masukan terhadap nama-nama bacaleg yang masuk dalam DCS.

Baca juga: KPU Janji Revisi Hitungan Keterwakilan Caleg Perempuan Sebelum Penetapan DCT

Tanggapan dan masukan nama-nama bacaleg DPR RI dapat diajukan ke KPU RI.

Sementara itu, laporan terkait nama-nama bacaleg DPRD provinsi dilaporkan ke KPU provinsi. Begitu pula halnya dengan nama-nama bacaleg DPRD kabupaten/kota, dilayangkan ke KPU kabupaten/kota masing-masing.

Nantinya, tanggapan dan masukan itu akan diproses, termasuk diteruskan ke partai politik sebagai pihak yang mendaftarkan bacaleg DPR RI dan DPRD provinsi atau kabupaten/kota.

""Kami dalam melangkah untuk membaca atau merespons tanggapan dan catatan masukan dari masyarakat akan kami konfirmasi akan kami klarifikasi pada partai politik,"" ujar Ketua KPU Hasyim Asy'ari, 18 Agustus 2023 lalu.

Baca juga: Kemendagri: Viktor Laiskodat Masih Bisa Jabat Gubernur NTT sampai Masuk DCT

Di samping itu, KPU juga akan meminta klarifikasi kepada lembaga-lembaga yang memiliki otoritas terkait masing-masing laporan itu.

Adapun, ada 24 partai politik nasional maupun lokal di Aceh yang akan berpartisipasi dalam Pemilu 2024 mendatang.

Partai-partai yang akan berkontestasi secara nasional adalah Partai Kebangkitan Bangsa, Partai Gerakan Indonesia Raya, Partai Demokrasi Indonesia Perjuangan, Partai Golkar, Partai Nasdem, Partai Buruh.

Lalu, Partai Gelombang Rakyat Indonesia, Partai Keadilan Sejahtera, Partai Kebangkitan Nusantara, Partai Hati Nurani Rakyat, Partai Garda Perubahan Indonesia, Partai Amanat Nasional.

Kemudian, Partai Bulan Bintang, Partai Demokrat, Partai Solidaritas Indonesia, Partai Perindo, Partai Persatuan Pembangunan, dan Partai Ummat.

Sedangkan partai lokal Aceh adalah Partai Nangroe Aceh, Partai Generasi Atjeh Beusaboh Tha'at Dan Taqwa, Partai Darul Aceh, Partai Aceh, Partai Adil Sejahtera Aceh, dan Partai Soliditas Independent Rakyat Aceh.",kompas,politik
"JAKARTA - Bakal calon presiden (Bacapres) yang didukung Partai Perindo, Ganjar Pranowo mengaku memiliki banyak memori tentang sosok mantan Kepala Badan Nasional Penanggulangan Bencana (BNPB) Letjen TNI (Purn) Doni Monardo.

Hal ini diungkapkan Ganjar usai menjenguk Doni Monardo yang tengah menjalani perawatan intensif di rumah sakit Siloam, Jakarta, Jumat (3/11/2023) malam.

BACA JUGA: 5 Panglima TNI pada Masa Pemerintahan Jokowi

""Saya banyak memori dengan pak Doni ketika beliau di BNPB, saya ngurusi bencana,"" kata Ganjar.

Salah satu memori yang diingat Ganjar adalah sosok Doni Monardo yang merupakan pecinta tanaman. Bahkan, tidak saja tanaman biasa, purnawirawan jenderal bintang tiga itu disebut pecinta tanaman langka.

BACA JUGA: MKMK Sudah Buat Kesimpulan soal Laporan Pelanggaran Hakim Konstitusi

""(Doni Monardo) sangat peduli lingkungan, orang yang sangat baik ya,"" ujarnya.

Oleh karena itu, mengingat banyak memori yang tersimpan tentang Doni, Ganjar sengaja menyempatkan waktu untuk menjenguknya yang kini tengah menjalani perawatan intensif di rumah sakit.

Follow Berita Okezone di Google News

""Sebagai sahabat, saya datang untuk ikut mendoakan lah. Mudah-mudahan lancar,"" pungkasnya.",okezone,politik
"Jakarta, CNBC Indonesia - Luhut Binsar Pandjaitan, Menteri Koordinator Bidang Maritim dan Investasi buka suara, menyaksikan pertarungan Calon Presiden (Capres) 2024 dimulai. Luhut menyanjung dan mendukung Prabowo Subianto yang telah memilih Gibran Rakabuming Raka sebagai pendampingnya.

Hal ini disampaikan oleh Luhut dari Singapura melalui akun instagram, Rabu (25/10/2023). Luhut diketahui masih melalui proses penyembuhan sejak beberapa waktu lalu.

ADVERTISEMENT SCROLL TO RESUME CONTENT

Berikut pernyataan lengkap Luhut:

Dari ruang pemulihan di Singapura yang tenang, berbagai hiruk-pikuk informasi dari Tanah Air mash tak lepas dari pendengaran saya, khususnya mengenai dinamika Pilpres 2024. Dengan rasa bangga, saya ingin mengucapkan selamat kepada sahabat baik saya, Pak Mahfud MD, yang kini resmi berdiri sebagai pendamping bag Mas Ganjar. Tak lupa, rasa hormat saya sampaikan untuk Mas Anies dan Cak Imin yang kini juga telah berdiri di garis start pemilihan.

Namun, kabar yang sungguh menyita perhatian saya adalah bersatunya Pak Prabowo dan Mas Gibran sebagai pasangan Capres-Cawapres. Banyak yang menyambut ini dengan rasa optimisme, namun juga ada yang melihatnya dengan kacamata keraguan. Tapi ini biasa saja, adalah hal yang lumrah di sebuah negara demokrasi seperti Indonesia, setiap warganya mengungkapkan pendapat yang berbeda-beda. Namun, saya berharap agar setiap perbedaan pendapat sebaiknya bisa disampaikan dengan penuh adab, jauh dari caci maki dan ujaran fitnah yang tak berdasar.

Sepanjang puluhan tahun pengalaman saya mengarungi gelombang politik negara ini, saya memahami betul bahwa setiap keputusan yang diambil dalam arena politik selalu didasari oleh pertimbangan mendalam. Hal ini pun berlaku pada keputusan Pak Prabowo dan Mas Gibran.

Ketika melihat keduanya dideklarasikan sebagai pasangan Capres dan Cawapres, gambaran yang muncul di benak saya adalah simbiosis antara kebijaksanaan dan energi baru yang terpadu dengan sempurna. Negeri kita, yang kaya bukan hanya dari sumber daya alam tetapi juga dari potensi besar generasinya, membutuhkan sinergi antara kebijaksanaan dari pengalaman dan inovasi generasi muda.

Mash terekam dalam ingatan saya bagaimana dahulu Pak Jokowi memasuki percaturan politik Indonesia. Diremehkan berbagai pihak ketika maju sebagai kontestan, namun menjelma menjadi salah satu tokoh yang sangat diperhitungkan. Memenangkan dua kali pemilihan presiden di Indonesia tidaklah sederhana, apalagi mash memiliki 80% lebih ""approval rate"" di setahun terakhir masa jabatannya. Hal in menjadi bukti betapa rakyat sangat mendukung berbagai program yang dikerjakannya sera melihat beliau sebagai pemimpin yang tak tergantikan di Indonesia.

Maka saya melihat, keraguan yang muncul saat ini di pikiran banyak orang terhadap keputusan Pak Prabowo memilih Mas Gibran adalah hal yang dapat dipahami.

Namun, kita harus selalu mengingat bahwa setiap langkah yang diambil oleh keduanya, saya yakini memiliki niat tulus untuk mewujudkan visi Indonesia Maju. Dalam jejak sejarah kita, persatuan dan kolaborasi telah terbukti sebagai kunci kemajuan bangsa. Hal ini pula yang saya lihat dari pasangan Prabowo-Gibran: simbol harapan untuk Indonesia Maju, sebuah sinergi antara persatuan dan percepatan untuk meneruskan pembangunan berkelanjutan yang sedang kita persiapkan saat ini.

Saya ingin menekankan pentingnya semangat rekonsiliasi yang telah dicontohkan oleh Pak Jokowi dan Pak Prabowo. Kita tentu tidak ingin kembali melihat terbelahnya masyarakat seperti di beberapa Pemilu lalu.

Pelajaran dari pandemi Covid-19 dan tantangan lain seperti kondisi geopolitik global sekali lagi membuktikan bahwa persatuan adalah kebutuhan mutlak kita. Rekonsiliasi antara Presiden Jokowi dan Pak Prabowo telah memberikan banyak dampak positif bagi bangsa, sesuatu yang juga diakui oleh dunia internasional.

Maka adalah hal yang wajar jika simbol persatuan ini perlu untuk dilanjutkan. Saya meyakini, kerja sama yang baik antara Pak Prabowo dan Mas Gibran akan membuat Indonesia semakin dekat dengan masa keemasannya.

Dan tentunya, saya akan selalu tegak lurus dalam mendukung visi yang dibawa Presiden Jokowi. Beliau mungkin bukanlah sosok yang sempurna, namun beliau telah memberikan banyak pelajaran berharga tentang bagaimana seorang pemimpin harus bertindak dan memutuskan sebuah pilihan. Loyalitas saya kepada beliau tidak pernah luntur, bukan hanya karena posisinya sebagai presiden, melainkan karena integritas, dedikasi, dan contoh yang beliau tunjukkan dalam setiap aspek kehidupannya.

Terakhir, saya ingin mengingatkan bahwa di era saat ini, lebih bijaksana untuk kita fokus pada membangun jalinan persahabatan daripada menciptakan permusuhan. Peran Pak Jokowi tak dapat disangkal telah memegang tempat yang penting dalam lanskap politik Indonesia. Dengan demikian, marilah kita senantiasa menjaga kerendahan hati, menjauhkan diri dari sikap angkuh, dan bergerak dengan penuh kesadaran serta empati.

Jadikan momen Pemilihan Umum 2024 ini sebagai momen pendewasaan kita sebagai bangsa. Saya percaya, kita mampu melihat dan meraih potensi besar yang ada di depan kita selama kita menjadi bangsa yang bersatu. Kita sedang menulis sejarah dan takdir kita sendiri, menuju masa depan emas bagi Indonesia.

Singapura, 25 Oktober 2023,

Luhut Binsar Pandjaitan.",cnbcindonesia,politik
"Jakarta, CNBC Indonesia - Isu politik dinasti di Asia Tenggara menjadi sorotan. Beralihnya kekuasaan kepada keluarga atau kerabat telah menjadi praktik 'lumrah' di banyak negara.

Dalam editorial The Guardian, Jumat (3/11/2023), berjudul The Guardian view on south-east Asian dynasties: political leaders are keeping it in the family, media asal Inggris tersebut menyoroti politik dinasti yang terus berkembak sejak zaman kerajaan dan kekaisaran hingga ke negara modern, baik yang memiliki sistem pemerintahan demokrasi maupun kediktatoran.

Sebuah studi pada tahun 2018 menemukan bahwa lebih dari satu dari sepuluh pemimpin di seluruh dunia berasal dari keluarga yang kerabat dekatnya sudah terlibat dalam politik.

ADVERTISEMENT SCROLL TO RESUME CONTENT

""Kini kekuasaan dinasti tampaknya semakin menguat di Asia Tenggara,"" tulis The Guardian.

Media tersebut memulai dengan situasi politik di Kamboja. Setelah empat dekade berkuasa, dan setelah pemilu yang diatur secara bertahap, pemimpin otoriter Kamboja Hun Sen tahun ini menyerahkan jabatan perdana menteri kepada putranya, Hun Manet.

Pemimpin lulusan West Point ini dilaporkan memiliki sikap yang lebih diplomatis dibandingkan ayahnya, namun tidak ada tanda-tanda bahwa ia berencana untuk menyimpang dari ayahnya secara politik.

Di Thailand, lanjut The Guardian, kekuatan-kekuatan kontradiktif yang mendorong politik selama bertahun-tahun adalah popularitas mantan perdana menteri Thaksin Shinawatra dan tekad para elit kerajaan dan militer untuk menggagalkannya.

""Namun setelah pihak lawan membuat kesepakatan - berkat adanya ancaman timbal balik dari partai muda progresif - partai Puea Thai yang dipimpinnya kembali berkuasa dan dipimpin oleh putrinya, Paetongtarn (sekutu lainnya menjabat sebagai perdana menteri).""

Kakak perempuannya, Yingluck, sebelumnya menjabat sebagai perdana menteri sebelum digulingkan melalui kudeta dan saudara iparnya sempat memegang jabatan tersebut dalam waktu singkat.

Selain itu, dinasti politik di Filipina juga menjadi sorotan. Ferdinand Marcos Jr. menjadi presiden Filipina tahun lalu menyusul meluasnya disinformasi, menurut The Guardian, yang mengubah nama kediktatoran militer ayahnya menjadi era emas, menghapuskan penyiksaan, pembunuhan di luar proses hukum, dan korupsi.

Adapun, enam dari sembilan presiden terakhir negara itu berasal dari keluarga Macapagal, Marcos, dan Aquino. Yang lainnya, Fidel Ramos, adalah putra seorang politisi terkemuka, begitu pula Rodrigo Duterte, presiden terakhir - yang putrinya, Sara, kini menjadi wakil presiden.

Tak hanya itu, The Guardian juga menyebut perkembangan politik di Indonesia sebagai yang paling mencolok baru-baru ini. Media ini pun mengutip tulisan Presiden Joko Widodo dalam autobiografinya yang menyebut menjadi presiden bukan berarti menyalurkan kekuasaan kepada anak-anaknya.

Namun kini ia telah mencapai batas masa jabatannya dan putranya, Gibran Rakabuming Raka, mencalonkan diri sebagai wakil presiden pada pemilu tahun depan. Pencalonan ini dimungkinkan ketika ketua hakim - yang merupakan saudara ipar presiden - memutuskan bahwa orang-orang yang berusia di bawah 40 tahun dapat menduduki posisi teratas jika mereka pernah memegang jabatan lokal,"" tulis The Guardian.

Media ini juga menyoroti sosok Prabowo Subianto yang sempat menjadi menantu Soeharto. Prabowo disebut akan melanjutkan kebijakan Jokowi.

""Meskipun presiden mengatakan bahwa dia tidak akan terlibat dalam konflik tersebut, asumsi yang tersebar luas adalah bahwa dia sedang mencoba untuk memperkuat pengaruhnya. Kembalinya ke politik dinasti hanya akan melemahkan warisannya,"" tutup The Guardian.",cnbcindonesia,politik
"Jakarta, CNBC Indonesia - Pemilihan umum (Pemilu) 2024 akan menjadi ajang perebutan kursi eksekutif maupun legislatif. Salah satu sarana penting perolehan suara datang dari Jawa Barat (Jabar) yang merupakan Provinsi dengan jumlah penduduk terbanyak sekaligus penyumbang suara terbesar, khususnya jika berkaca pada Pemilu 2019.

Data Badan Pusat Statistik (BPS) menunjukkan Jawa Barat merupakan Provinsi dengan jumlah penduduk terbanyak, sejumlah 49,4 juta jiwa atau sekitar 18% dari seluruh penduduk Indonesia.

Tidak hanya itu, jumlah pemilih Jawa Barat merupakan yang terbesar pada Pemilu Legislatif 2019 sebanyak 23,9 juta total perolehan suara atau sekitar 17%.

Selain itu, Pendiri SMRC Prof. Saiful Mujani yang dikutip dari CNBC Indonesia menjelaskan Jabar memiliki keunikan berupa keberagaman pilihan partai, dukungan suara yang fluktuatif, dan pluralitas yang tinggi.





Tidak heran, berbagai pihak memperebutkan suara Jawa Barat dengan berbagai strateginya. Melansir DetikNews yang tayang pada Rabu (6/9), Ridwan Kamil selaku mantan Gubernur Jawa Barat mengaku bahwa dirinya didekati oleh tiga utusan bakal calon presiden (bacapres).

Ridwan Kamil juga menambahkan bahwa bacapres yang akan sangat membutuhkan 'suplemen' dukungan untuk Jawa Barat adalah Ganjar. ""Jadi kalau digabung, kalau menurut matematika, ya matching. Tapi kan perjodohan itu bukan matematika. Bisa ada pertimbangan-pertimbangan non-matematis,"" ujarnya.

Pernyataan tersebut sejalan dengan data hasil Pemilu Legislatif 2019 yang menunjukkan partai koalisi terlemah saat ini di Jabar merupakan Ganjar. PDIP dan PPP yang merupakan koalisi Ganjar memiliki basis suara yang terkecil di Jabar berdasarkan Pileg 2019, hanya 18,85%.

Bacapres Anies juga masih mampu bersaing di Jabar dengan dukungan partai koalisi yang lebih unggul dibanding koalisi Ganjar jika melihat hasil Pileg 2019. Anies mendapat dukungan dari partai koalisinya yaitu PKS, PKB, dan NasDem, dengan persentase 26,17%.





Sedangkan, Prabowo telah memiliki rekam jejak yang kuat, baik dilihat dari hasil Pilpres 2019 maupun suara dukungan partai koalisinya saat ini. Pada Pilpres 2019, Prabowo unggul melawan Jokowi di Jabar dengan 59,93% suara. Koalisi Prabowo saat ini juga memiliki dukungan kuat di Jabar, yaitu Gerindra, Golkar, Demokrat, dan PAN, sebesar 45,25%.

Data tersebut sejalan dengan hasil survei Lembaga Survei Nasional (LSN) yang dikutip dari Detik Sulsel yang ditulis pada 12 Juni 2023, bahwa elektabilitas bacapres Jabar diantaranya Prabowo 53,2%, Anies 22,5%, dan Ganjar 20,4%.",cnbcindonesia,politik
